X,Y,ONE,TWO,THREE,FOUR,FIVE,SIX,SEVEN,EIGHT,NINE,TEN
73.8535,841.057,-83,-74,-59,-59,-120,-120,-120,-120,-120,-120
86.6651,839.808,-84,-78,-62,-62,-120,-120,-120,-120,-120,-120
102.34,855.17,-86,-59,-57,-57,-120,-120,-120,-89,-120,-120
131.85,817.944,-77,-65,-61,-61,-89,-120,-120,-120,-120,-120
139.054,1151.72,-60,-60,-80,-83,-65,-120,-120,-120,-92,-65
154.959,1394.38,-54,-75,-81,-80,-61,-84,-73,-120,-120,-61
155.803,1152.4,-57,-59,-74,-73,-61,-120,-120,-79,-82,-61
156.646,1445.04,-58,-74,-82,-82,-61,-85,-74,-120,-120,-60
160.625,1389.67,-56,-77,-82,-82,-67,-79,-77,-120,-120,-68
161.423,864.189,-73,-54,-45,-44,-80,-75,-120,-89,-76,-80
161.706,1202.99,-48,-50,-76,-76,-56,-78,-120,-75,-81,-56
162.007,1485.57,-63,-69,-81,-120,-71,-120,-81,-120,-120,-71
162.476,1220.61,-51,-66,-79,-79,-57,-88,-90,-87,-120,-58
162.566,1350.74,-62,-68,-82,-85,-66,-87,-89,-120,-120,-66
162.912,1392.08,-56,-83,-89,-88,-67,-88,-80,-120,-120,-68
162.971,1345.27,-51,-66,-81,-82,-62,-84,-80,-120,-120,-62
163.929,157.746,-120,-120,-81,-88,-120,-120,-120,-120,-120,-120
164.124,1300.26,-50,-68,-83,-76,-60,-85,-120,-120,-89,-60
164.197,294.787,-120,-89,-87,-86,-120,-120,-120,-120,-120,-120
164.307,1325.64,-60,-120,-60,-60,-79,-88,-82,-86,-82,-79
164.334,1256.64,-47,-68,-77,-77,-59,-78,-89,-89,-89,-59
164.39,1063.07,-68,-74,-71,-71,-71,-89,-120,-83,-89,-75
164.634,1395.35,-51,-69,-78,-77,-63,-120,-81,-120,-120,-63
164.658,1257.54,-44,-64,-78,-77,-52,-76,-79,-120,-120,-51
164.816,1447.29,-71,-80,-88,-90,-68,-86,-83,-120,-120,-69
165.037,1495.07,-60,-120,-84,-84,-75,-87,-77,-120,-120,-76
165.09,112,-120,-84,-120,-120,-120,-120,-120,-120,-120,-120
165.205,1054.51,-60,-47,-64,-65,-70,-85,-120,-80,-82,-71
165.262,395.418,-120,-80,-78,-75,-120,-120,-120,-120,-120,-120
165.851,430.092,-89,-120,-83,-81,-120,-120,-120,-120,-120,-120
165.988,1347.52,-56,-77,-81,-82,-61,-120,-83,-120,-120,-61
166.075,251.234,-86,-86,-81,-120,-120,-120,-120,-120,-120,-120
166.075,519.838,-86,-83,-80,-81,-120,-120,-120,-120,-120,-120
166.094,1446.95,-54,-69,-83,-83,-59,-90,-75,-120,-120,-59
166.374,284.55,-120,-80,-79,-80,-120,-120,-120,-120,-120,-120
166.594,1259.97,-48,-63,-76,-73,-57,-86,-84,-120,-120,-56
166.773,194.526,-120,-120,-120,-120,-120,-120,-120,-120,-120,-120
166.967,1379.79,-67,-120,-82,-82,-65,-86,-80,-120,-120,-65
167.061,1301.85,-56,-62,-86,-79,-57,-85,-86,-120,-120,-56
167.143,1089.75,-60,-54,-72,-67,-70,-120,-120,-92,-90,-69
167.189,1108.3,-58,-49,-72,-72,-69,-85,-120,-79,-84,-69
167.258,151.68,-120,-120,-120,-120,-120,-120,-120,-120,-120,-120
167.328,350.27,-120,-120,-120,-85,-120,-120,-120,-120,-120,-120
167.453,896.219,-71,-56,-58,-58,-79,-120,-120,-120,-120,-80
167.486,739.188,-77,-71,-55,-55,-81,-120,-120,-120,-120,-81
167.538,829.301,-120,-120,-120,-120,-120,-120,-120,-120,-120,-120
167.779,1050.33,-63,-120,-68,-68,-67,-86,-120,-77,-83,-67
167.857,237.508,-120,-80,-80,-80,-120,-120,-120,-120,-120,-120
167.994,1548.53,-72,-120,-86,-83,-75,-120,-81,-120,-120,-74
167.999,697.576,-80,-77,-70,-70,-79,-120,-120,-120,-120,-120
168.03,1534.01,-57,-74,-84,-120,-71,-120,-68,-120,-120,-71
168.031,1301.66,-50,-61,-82,-82,-55,-83,-79,-120,-120,-56
168.1,848.492,-83,-58,-44,-44,-51,-72,-120,-120,-120,-50
168.221,481.277,-89,-120,-82,-79,-120,-120,-120,-120,-120,-120
168.358,950.489,-68,-47,-66,-65,-73,-120,-120,-83,-120,-73
168.451,1483.85,-64,-71,-84,-86,-66,-120,-70,-120,-120,-66
168.516,1155,-48,-51,-70,-70,-63,-120,-120,-84,-90,-63
168.536,1465.32,-65,-120,-80,-80,-66,-86,-79,-120,-120,-67
168.545,525.608,-120,-78,-88,-80,-120,-120,-120,-120,-120,-120
168.548,243.979,-120,-120,-87,-87,-120,-120,-120,-120,-120,-120
168.579,343.416,-120,-87,-82,-120,-120,-120,-120,-120,-120,-120
168.612,341,-120,-85,-77,-81,-120,-120,-120,-120,-120,-120
168.721,1529.92,-63,-66,-85,-120,-68,-87,-72,-120,-120,-68
168.802,388.203,-120,-86,-85,-79,-120,-120,-120,-120,-120,-120
168.819,654.694,-120,-78,-71,-71,-120,-120,-120,-120,-120,-120
168.913,838.486,-78,-51,-43,-43,-81,-120,-120,-78,-72,-84
168.922,483.923,-120,-120,-76,-75,-120,-120,-120,-120,-120,-120
169.541,698.308,-85,-120,-56,-58,-120,-120,-120,-120,-120,-120
169.631,203.664,-120,-120,-120,-120,-120,-120,-120,-120,-120,-120
169.856,1535.07,-77,-77,-87,-86,-73,-120,-71,-120,-120,-72
170.338,1005.53,-66,-42,-58,-58,-73,-120,-120,-120,-87,-75
170.534,1492.79,-59,-83,-82,-83,-67,-86,-83,-120,-120,-67
170.764,1564.31,-69,-78,-120,-120,-70,-120,-75,-120,-120,-70
170.927,996.41,-77,-47,-66,-65,-78,-120,-120,-89,-120,-76
171.021,529.341,-84,-76,-80,-72,-120,-120,-120,-120,-120,-120
171.485,1581.29,-74,-77,-89,-86,-76,-120,-74,-120,-120,-77
171.749,145.532,-95,-90,-120,-120,-120,-120,-120,-120,-120,-120
172.228,210.382,-120,-89,-120,-120,-120,-120,-120,-120,-120,-120
172.246,1582.98,-66,-120,-120,-120,-70,-120,-73,-120,-120,-70
172.491,575.294,-120,-71,-73,-73,-120,-120,-120,-120,-120,-120
172.501,207.836,-89,-89,-81,-83,-120,-120,-120,-120,-120,-120
172.515,1307.25,-48,-60,-72,-71,-54,-84,-120,-120,-90,-54
172.632,1206.64,-45,-57,-73,-73,-55,-79,-120,-120,-87,-55
173.098,1589.94,-72,-120,-87,-88,-77,-120,-78,-120,-120,-78
174.148,618.135,-84,-80,-69,-70,-120,-120,-120,-120,-120,-120
174.19,568.647,-120,-81,-78,-70,-120,-120,-120,-120,-120,-120
174.227,622.27,-120,-84,-74,-72,-120,-120,-120,-120,-120,-120
174.266,1351.3,-57,-63,-74,-74,-58,-85,-84,-120,-120,-57
175.59,291.014,-90,-78,-79,-78,-120,-120,-120,-120,-120,-120
176.062,891.432,-75,-51,-59,-59,-77,-120,-120,-90,-120,-78
176.291,904.768,-72,-50,-55,-55,-77,-120,-120,-120,-120,-77
176.415,943.185,-69,-48,-55,-55,-78,-120,-120,-120,-84,-77
177.315,660.392,-85,-76,-60,-60,-86,-120,-120,-120,-120,-84
177.406,1603.66,-74,-80,-90,-120,-75,-120,-80,-120,-120,-81
177.639,1047.84,-66,-48,-81,-65,-71,-87,-120,-87,-87,-71
177.646,1001.71,-64,-48,-58,-58,-70,-120,-120,-120,-120,-70
178.138,697.511,-86,-75,-60,-59,-120,-120,-120,-120,-120,-88
178.264,476.489,-120,-81,-83,-82,-120,-120,-120,-120,-120,-120
178.407,240.013,-120,-120,-120,-120,-120,-120,-120,-120,-120,-120
178.82,238.307,-120,-83,-79,-79,-120,-120,-120,-120,-120,-120
179.501,831.008,-74,-70,-54,-54,-81,-120,-120,-120,-120,-81
180.669,98.0419,-120,-90,-120,-120,-120,-120,-120,-120,-120,-120
181.541,1414.64,-62,-120,-88,-87,-64,-84,-77,-120,-120,-64
181.681,379.548,-120,-93,-90,-90,-120,-120,-120,-120,-120,-120
182.337,596.675,-87,-71,-54,-54,-81,-120,-120,-120,-120,-81
182.559,944.587,-70,-43,-61,-61,-72,-120,-120,-120,-120,-71
182.945,242.574,-120,-120,-120,-120,-120,-120,-120,-120,-120,-120
183.024,441.738,-120,-87,-83,-82,-120,-120,-120,-120,-120,-120
185.817,438.219,-120,-80,-77,-77,-120,-120,-120,-120,-120,-120
187.07,311.27,-120,-84,-77,-77,-120,-120,-120,-120,-120,-120
188.769,792.097,-84,-56,-53,-52,-80,-120,-120,-120,-120,-78
188.815,497.556,-82,-120,-61,-62,-120,-120,-120,-120,-120,-120
191.405,47.6721,-120,-93,-120,-120,-120,-120,-120,-120,-120,-120
192.527,404.94,-79,-84,-76,-74,-120,-120,-120,-120,-120,-120
193.173,773.669,-62,-71,-66,-60,-72,-85,-120,-120,-120,-72
194.455,63.7673,-120,-84,-120,-120,-120,-120,-120,-120,-120,-120
194.797,887.3,-74,-59,-57,-57,-82,-120,-120,-120,-120,-83
195.191,785.089,-78,-69,-56,-56,-90,-120,-120,-120,-120,-120
195.574,1590.79,-75,-83,-85,-87,-71,-120,-78,-120,-120,-71
199.89,846.12,-75,-54,-46,-46,-89,-120,-120,-120,-120,-120
200.119,931.323,-77,-56,-58,-58,-79,-120,-120,-120,-120,-85
200.404,432.703,-89,-83,-74,-79,-120,-120,-120,-120,-120,-120
201.225,509.921,-89,-83,-75,-74,-120,-120,-120,-120,-120,-120
201.763,1611.76,-67,-120,-87,-120,-73,-120,-72,-120,-120,-73
202.613,1594.41,-74,-80,-120,-120,-78,-120,-74,-120,-120,-78
204.319,1288.68,-53,-77,-84,-85,-57,-85,-86,-120,-120,-57
204.508,253.941,-89,-83,-78,-82,-120,-120,-120,-120,-120,-120
205.771,783.945,-80,-68,-59,-61,-79,-120,-120,-120,-120,-80
206.442,1462.91,-89,-120,-88,-88,-68,-86,-77,-120,-120,-68
206.97,590.355,-89,-77,-67,-67,-120,-120,-120,-120,-120,-120
207.025,1549.94,-79,-120,-83,-83,-83,-86,-80,-120,-120,-74
210.287,470.35,-77,-120,-75,-75,-120,-120,-120,-120,-120,-120
210.442,1422.58,-65,-71,-120,-120,-61,-90,-80,-120,-120,-61
210.81,1591.15,-73,-120,-120,-120,-75,-120,-69,-120,-120,-74
211.193,845.048,-87,-72,-53,-54,-87,-120,-120,-120,-87,-120
211.921,1013.93,-65,-50,-71,-68,-74,-120,-120,-83,-89,-74
213.585,1392.8,-59,-120,-87,-87,-66,-83,-80,-88,-120,-65
213.587,841.099,-65,-120,-49,-49,-84,-120,-120,-87,-87,-84
220.335,1638.58,-69,-120,-120,-120,-81,-88,-72,-120,-120,-77
222.347,473.406,-79,-79,-74,-74,-120,-120,-120,-120,-120,-120
223.42,1071.57,-64,-54,-70,-70,-68,-84,-120,-81,-85,-68
224.334,1113.07,-65,-38,-71,-71,-72,-87,-120,-86,-86,-71
225.811,1089.02,-80,-56,-73,-73,-71,-120,-120,-74,-86,-71
227.761,1095.73,-68,-47,-73,-73,-74,-120,-120,-89,-89,-73
232.845,472.261,-78,-72,-66,-67,-120,-120,-120,-120,-120,-120
232.876,1095.08,-71,-50,-78,-78,-73,-120,-120,-80,-89,-74
234.2,1105.99,-65,-44,-75,-72,-72,-90,-120,-86,-86,-72
235.27,1208.64,-44,-65,-87,-86,-48,-76,-77,-89,-120,-48
235.917,1096.8,-61,-46,-68,-68,-65,-120,-120,-83,-80,-65
241.032,1638.76,-120,-120,-120,-120,-120,-120,-120,-120,-120,-120
252.075,1068.17,-57,-80,-63,-63,-61,-120,-120,-88,-80,-62
265.044,1636.37,-76,-120,-120,-120,-81,-120,-69,-120,-120,-82
266.592,847.859,-78,-57,-41,-39,-79,-120,-120,-84,-120,-80
272.541,1629.3,-74,-89,-120,-120,-85,-120,-68,-120,-120,-86
272.586,842.001,-83,-57,-43,-43,-87,-120,-120,-81,-87,-82
275.656,840.873,-85,-120,-33,-33,-86,-120,-120,-83,-83,-87
295.627,1137.55,-63,-46,-72,-72,-70,-81,-120,-80,-78,-70
305.862,459.934,-120,-120,-74,-72,-120,-120,-120,-120,-120,-120
306.227,1206.74,-47,-56,-84,-120,-43,-74,-77,-86,-89,-43
312.301,1637.78,-74,-120,-120,-120,-86,-88,-65,-120,-120,-80
316.413,467.677,-120,-78,-77,-78,-120,-120,-120,-120,-120,-120
317.872,1631.19,-77,-89,-120,-120,-82,-120,-65,-120,-120,-87
337.913,843.63,-74,-57,-41,-40,-75,-120,-120,-78,-73,-76
346.639,840.977,-78,-120,-49,-49,-81,-87,-120,-82,-82,-78
351.373,1636.56,-76,-120,-120,-120,-73,-89,-63,-120,-120,-74
378.833,459.921,-84,-78,-79,-120,-120,-120,-120,-120,-120,-120
382.755,475.087,-120,-73,-75,-78,-120,-120,-120,-120,-120,-120
418.059,465.562,-120,-81,-83,-81,-120,-120,-120,-120,-120,-120
443.818,1630.94,-81,-120,-120,-120,-79,-82,-57,-120,-120,-79
449.829,463.594,-120,-83,-83,-79,-120,-120,-120,-120,-120,-120
460.241,246.514,-120,-120,-120,-120,-120,-120,-120,-120,-120,-120
460.538,293.265,-120,-120,-120,-120,-120,-120,-120,-120,-120,-120
465.415,739.951,-120,-120,-67,-67,-120,-86,-120,-86,-67,-120
466.561,1568.83,-71,-120,-120,-120,-81,-79,-27,-120,-120,-84
467.027,680.351,-120,-120,-76,-73,-120,-120,-120,-87,-86,-120
468.36,823.264,-85,-120,-56,-56,-83,-86,-89,-88,-70,-83
468.505,1616.27,-82,-120,-120,-120,-85,-81,-58,-120,-120,-84
470.218,100.958,-120,-120,-120,-120,-120,-120,-120,-120,-120,-120
478.822,176.102,-120,-120,-120,-120,-120,-120,-120,-120,-120,-120
486.636,1010.62,-64,-57,-76,-75,-74,-71,-82,-52,-53,-72
487.081,1006.58,-80,-62,-82,-82,-85,-79,-83,-65,-62,-86
487.395,858.653,-79,-67,-64,-63,-87,-81,-120,-70,-67,-88
487.868,886.58,-73,-61,-82,-82,-77,-80,-84,-66,-65,-78
488.279,980.885,-79,-53,-74,-74,-77,-73,-85,-56,-59,-77
490.743,937.981,-74,-66,-64,-65,-80,-72,-85,-60,-57,-80
491.832,1629.44,-82,-120,-120,-120,-79,-81,-52,-88,-120,-79
492.069,1170.63,-62,-62,-87,-86,-75,-58,-80,-71,-68,-75
492.725,931.193,-80,-65,-76,-77,-86,-77,-86,-62,-62,-85
492.737,892.338,-75,-59,-58,-58,-81,-72,-77,-60,-61,-81
493.69,1164.36,-59,-61,-84,-83,-64,-56,-76,-59,-66,-63
494.093,861.802,-87,-66,-76,-76,-87,-81,-72,-75,-72,-89
494.141,1218.91,-62,-65,-86,-87,-67,-58,-80,-71,-71,-68
496.176,1221.36,-60,-58,-86,-85,-63,-52,-71,-60,-74,-57
497.379,1172.86,-68,-68,-90,-90,-69,-67,-80,-68,-62,-73
497.708,1212.37,-89,-71,-87,-87,-72,-72,-77,-79,-80,-72
498.206,1638.89,-90,-120,-120,-120,-120,-85,-78,-120,-120,-120
502.072,1151.75,-120,-120,-120,-120,-120,-120,-120,-120,-120,-120
502.986,1143.24,-68,-59,-87,-86,-75,-65,-77,-65,-71,-75
503.027,1073.29,-67,-62,-82,-80,-72,-64,-76,-54,-59,-67
503.352,1066.69,-80,-62,-120,-120,-81,-76,-83,-59,-62,-82
504.651,1111.78,-77,-62,-88,-87,-72,-60,-86,-65,-71,-72
505.922,1106.22,-65,-55,-82,-82,-66,-64,-77,-58,-63,-71
506.2,830.409,-81,-62,-53,-53,-83,-75,-79,-69,-67,-81
506.393,1069.52,-68,-71,-78,-79,-81,-67,-77,-59,-74,-80
508.199,1147.51,-68,-68,-86,-88,-71,-60,-80,-62,-71,-71
509.225,932.034,-77,-59,-76,-76,-70,-75,-81,-54,-62,-70
509.225,1003.82,-78,-62,-80,-79,-75,-76,-83,-54,-48,-76
510.849,968.138,-77,-56,-81,-80,-73,-71,-79,-54,-52,-71
512.134,1154.48,-74,-61,-83,-83,-69,-59,-76,-59,-63,-64
513.893,477.76,-120,-120,-120,-120,-120,-120,-120,-120,-120,-120
516.324,826.854,-80,-64,-58,-59,-86,-75,-81,-66,-67,-120
519.023,474.024,-120,-81,-120,-120,-120,-120,-120,-120,-120,-120
523.16,1221.12,-61,-62,-73,-73,-64,-48,-72,-64,-70,-64
524.925,1224.54,-69,-72,-120,-120,-72,-54,-72,-75,-81,-71
532.07,1633.26,-80,-120,-120,-120,-86,-79,-56,-89,-120,-87
532.164,1216.76,-57,-69,-83,-82,-63,-45,-71,-69,-71,-63
537.972,850.792,-79,-62,-56,-56,-86,-83,-83,-65,-62,-120
559.256,1411.47,-71,-120,-120,-120,-78,-60,-53,-89,-86,-79
567.545,870.806,-120,-120,-79,-81,-120,-120,-120,-90,-87,-120
570.878,1631.51,-80,-120,-120,-120,-85,-77,-53,-87,-88,-87
572.541,646.398,-120,-89,-86,-83,-120,-81,-86,-74,-89,-120
573.31,393.943,-120,-93,-120,-120,-120,-120,-120,-120,-120,-120
576.415,1116.96,-74,-66,-120,-120,-76,-55,-77,-64,-60,-78
577.492,547.119,-120,-120,-86,-86,-120,-82,-86,-81,-81,-120
578.192,542.024,-89,-89,-85,-85,-120,-82,-86,-80,-89,-120
579.153,694.54,-120,-82,-60,-66,-120,-75,-80,-68,-65,-120
580.367,1405.11,-69,-74,-120,-120,-69,-55,-50,-72,-74,-68
580.812,618.591,-120,-83,-81,-83,-120,-82,-82,-75,-77,-120
581.065,720.169,-120,-92,-84,-85,-120,-84,-87,-87,-90,-120
581.208,654.636,-120,-90,-81,-81,-120,-120,-82,-84,-88,-120
581.298,701.023,-120,-89,-89,-88,-120,-87,-83,-86,-83,-120
581.897,337.493,-120,-120,-120,-120,-120,-120,-120,-120,-120,-120
582.406,638.853,-120,-120,-86,-83,-120,-88,-90,-93,-84,-120
583.026,467.414,-120,-120,-82,-120,-120,-75,-81,-77,-82,-120
583.051,1183.45,-68,-60,-120,-120,-73,-54,-75,-59,-66,-73
583.093,1216.76,-69,-68,-120,-120,-68,-47,-61,-66,-72,-69
583.855,280.699,-120,-120,-120,-120,-120,-120,-80,-88,-86,-120
584.198,1531.25,-72,-86,-120,-120,-75,-62,-50,-83,-77,-73
584.304,1527.69,-77,-120,-120,-120,-85,-69,-52,-84,-88,-81
584.458,379.019,-120,-120,-120,-120,-120,-83,-81,-120,-87,-120
584.815,1151.93,-78,-120,-85,-120,-82,-55,-73,-66,-71,-79
584.84,900.917,-84,-120,-77,-76,-88,-76,-82,-67,-62,-120
585.204,858.065,-83,-120,-71,-72,-120,-74,-87,-69,-69,-120
586.02,901.206,-83,-120,-74,-120,-84,-66,-72,-60,-56,-82
586.031,471.229,-120,-120,-87,-88,-120,-88,-120,-93,-90,-120
586.058,424.508,-120,-120,-120,-85,-120,-75,-82,-84,-87,-120
586.167,1606.67,-86,-120,-120,-120,-88,-75,-54,-85,-74,-88
586.581,1333.55,-72,-120,-120,-120,-77,-52,-60,-86,-85,-77
586.617,529.938,-120,-88,-82,-82,-120,-120,-120,-120,-86,-120
586.682,1198.9,-66,-120,-120,-120,-72,-52,-78,-71,-76,-72
586.685,1029.41,-86,-120,-84,-84,-86,-64,-84,-59,-62,-120
586.857,326.086,-120,-120,-120,-120,-120,-80,-81,-120,-83,-120
586.889,1235.58,-72,-120,-120,-120,-72,-49,-70,-68,-74,-74
586.962,453.228,-120,-120,-84,-85,-120,-86,-82,-82,-85,-120
587.008,790.818,-89,-82,-77,-78,-120,-78,-80,-75,-78,-120
588.52,1278.68,-66,-70,-120,-120,-68,-40,-66,-68,-82,-67
588.759,967.844,-84,-120,-87,-82,-84,-68,-77,-62,-57,-120
588.818,69.2318,-120,-120,-120,-120,-120,-85,-82,-120,-120,-120
588.853,1088.75,-77,-120,-120,-120,-82,-60,-80,-89,-63,-120
588.889,1278.77,-70,-120,-120,-120,-74,-46,-74,-75,-78,-76
589.49,925.513,-120,-120,-64,-65,-120,-120,-120,-120,-120,-120
589.538,810.498,-89,-80,-73,-73,-120,-74,-74,-74,-80,-120
589.651,554.8,-120,-90,-88,-88,-120,-87,-90,-84,-78,-120
589.796,75.6209,-120,-120,-120,-120,-120,-120,-84,-90,-120,-120
590.426,842.417,-90,-81,-68,-65,-120,-76,-78,-66,-78,-120
592.829,848.501,-77,-60,-66,-66,-84,-78,-80,-66,-64,-84
593.397,840.474,-120,-120,-120,-120,-120,-120,-120,-120,-120,-120
595.275,1405.69,-71,-120,-120,-120,-74,-58,-62,-76,-85,-75
595.82,205.889,-120,-120,-120,-120,-120,-87,-84,-120,-91,-120
596.723,253.088,-120,-120,-120,-120,-120,-87,-83,-120,-91,-120
596.954,555.075,-120,-86,-87,-87,-120,-86,-120,-86,-89,-120
597.24,1395.66,-72,-76,-120,-120,-71,-54,-56,-79,-86,-69
597.56,422.271,-120,-93,-90,-89,-120,-82,-120,-90,-90,-120
599.23,918.337,-69,-72,-74,-74,-86,-75,-80,-58,-57,-80
600.224,1633.85,-77,-86,-120,-120,-84,-71,-47,-85,-88,-84
601.474,251.932,-120,-120,-120,-120,-120,-120,-120,-84,-93,-120
603.878,214.299,-120,-120,-120,-120,-120,-120,-90,-120,-120,-120
606.07,1212.63,-84,-120,-120,-120,-74,-53,-80,-82,-79,-75
611.52,1340.91,-71,-78,-120,-120,-73,-44,-62,-78,-79,-73
612.336,1302.37,-73,-82,-120,-120,-76,-44,-65,-76,-82,-76
612.881,1367.92,-68,-77,-120,-120,-75,-49,-59,-83,-89,-76
613.153,1320.38,-78,-120,-120,-120,-74,-45,-66,-79,-120,-76
613.153,1385.09,-90,-80,-120,-120,-75,-52,-63,-79,-80,-77
616.87,846.769,-120,-79,-69,-66,-120,-78,-120,-70,-75,-120
621.359,1368.53,-120,-120,-120,-120,-120,-120,-120,-120,-120,-120
622.934,1339.68,-80,-86,-120,-120,-83,-54,-71,-83,-86,-84
626.247,1350.91,-83,-86,-120,-120,-87,-59,-74,-83,-80,-87
626.888,1363.39,-80,-86,-120,-120,-85,-58,-62,-86,-89,-120
631.956,1373.21,-80,-83,-120,-120,-87,-54,-68,-86,-89,-84
638.123,884.065,-120,-78,-74,-73,-120,-85,-120,-66,-66,-120
638.516,1332.14,-76,-80,-120,-120,-80,-52,-63,-79,-80,-79
638.765,1213.06,-67,-120,-120,-120,-79,-59,-79,-83,-75,-80
638.977,1368.24,-81,-91,-120,-120,-89,-58,-79,-120,-90,-88
639.647,476.54,-85,-89,-71,-71,-120,-120,-120,-120,-120,-120
640.535,1366.23,-120,-120,-120,-120,-120,-120,-120,-120,-120,-120
640.535,1367.04,-120,-120,-120,-120,-120,-120,-120,-120,-120,-120
641.476,470.542,-120,-90,-120,-120,-120,-120,-120,-120,-93,-120
653.177,1433.69,-89,-120,-120,-120,-86,-65,-69,-86,-89,-85
655.88,1458.34,-74,-84,-120,-120,-83,-60,-67,-85,-87,-82
656.463,1428.8,-78,-80,-120,-120,-82,-61,-62,-88,-88,-83
656.613,1352.27,-83,-120,-120,-120,-84,-61,-76,-85,-88,-85
658.295,881.496,-89,-120,-85,-85,-120,-85,-89,-77,-81,-120
658.307,1361.33,-82,-90,-120,-120,-88,-58,-70,-88,-91,-89
662.463,1618.36,-71,-75,-120,-120,-70,-85,-69,-82,-78,-69
662.961,1367.08,-68,-73,-120,-120,-76,-47,-59,-81,-88,-76
663.233,1326.57,-68,-81,-120,-120,-74,-48,-63,-79,-85,-74
665.138,1303.21,-70,-78,-120,-120,-70,-48,-62,-79,-83,-70
665.138,1345.98,-68,-80,-120,-120,-76,-47,-60,-81,-80,-76
665.444,1468.52,-82,-120,-120,-120,-87,-68,-69,-88,-88,-120
667.117,1260.16,-72,-82,-120,-120,-82,-57,-71,-77,-80,-80
667.117,1285.01,-72,-80,-120,-120,-82,-52,-69,-75,-78,-83
667.974,1465.34,-81,-120,-120,-120,-86,-68,-65,-81,-120,-87
669.734,1067.7,-85,-80,-120,-120,-120,-70,-87,-65,-70,-120
670.049,1162.61,-82,-77,-120,-120,-81,-62,-79,-69,-72,-84
671.679,1214.77,-82,-120,-120,-120,-80,-59,-78,-76,-77,-80
673.079,541.708,-120,-120,-120,-120,-120,-120,-120,-120,-120,-120
673.328,1140.19,-74,-64,-120,-120,-83,-64,-80,-68,-71,-83
674.534,1486.68,-76,-84,-120,-120,-83,-64,-66,-81,-85,-83
674.676,1099.77,-83,-120,-120,-120,-83,-66,-86,-62,-71,-85
675.735,1016.63,-83,-69,-88,-86,-120,-69,-86,-62,-68,-120
676.399,1275.52,-84,-120,-120,-120,-80,-61,-72,-80,-86,-86
676.447,540.713,-120,-120,-120,-120,-120,-120,-120,-120,-120,-120
677.291,354.188,-120,-120,-120,-120,-120,-120,-120,-120,-120,-120
677.65,554.023,-120,-89,-120,-120,-120,-120,-120,-120,-120,-120
678.511,1257.79,-76,-79,-120,-120,-80,-53,-67,-73,-75,-81
678.687,913.571,-89,-120,-81,-81,-120,-84,-89,-73,-73,-120
678.894,1340.45,-74,-120,-120,-120,-81,-61,-72,-86,-87,-82
679.427,967.51,-87,-120,-84,-84,-120,-82,-88,-69,-65,-120
679.815,470.56,-120,-120,-120,-120,-120,-120,-120,-120,-120,-120
680.207,1378.01,-74,-120,-120,-120,-82,-62,-70,-83,-87,-85
680.426,1059.96,-85,-120,-88,-120,-88,-72,-86,-70,-66,-120
680.537,687.364,-120,-120,-120,-120,-120,-120,-120,-120,-120,-120
680.578,1092.99,-86,-120,-120,-120,-86,-77,-85,-83,-68,-120
680.623,1306.41,-83,-120,-120,-120,-82,-58,-75,-80,-86,-82
681.182,1121.37,-79,-120,-120,-120,-86,-70,-84,-74,-73,-120
681.667,350.541,-120,-120,-120,-120,-120,-120,-120,-120,-120,-120
681.861,722.191,-120,-120,-120,-120,-120,-120,-120,-120,-120,-120
682.342,695.324,-120,-120,-120,-120,-120,-120,-120,-120,-120,-120
683.295,851.805,-120,-83,-74,-74,-120,-81,-120,-76,-73,-120
683.431,292.485,-120,-120,-120,-120,-120,-120,-120,-120,-120,-120
683.454,882.786,-88,-120,-82,-82,-120,-77,-89,-88,-76,-120
684.573,1419.5,-81,-120,-120,-120,-85,-65,-67,-88,-88,-85
685.154,305.321,-120,-120,-120,-120,-120,-120,-120,-120,-120,-120
687.212,1180.93,-82,-120,-120,-120,-85,-64,-82,-71,-70,-85
689.23,446.566,-120,-120,-120,-120,-120,-120,-120,-120,-120,-120
689.407,435.855,-120,-89,-120,-120,-120,-120,-120,-120,-120,-120
689.688,1193.36,-76,-120,-120,-120,-85,-62,-85,-75,-80,-85
690.273,1543.36,-90,-89,-120,-120,-120,-76,-73,-120,-120,-120
690.538,1248,-78,-120,-120,-120,-120,-64,-79,-82,-85,-84
691.382,928.944,-120,-81,-68,-68,-120,-78,-85,-70,-64,-120
691.654,1015.24,-88,-120,-120,-88,-120,-75,-87,-68,-69,-120
691.845,642.336,-120,-120,-120,-120,-120,-120,-120,-120,-120,-120
692.826,934.425,-88,-120,-88,-87,-120,-80,-88,-70,-79,-120
693.188,1573.5,-86,-89,-120,-120,-120,-75,-72,-120,-120,-120
694.444,1042.95,-83,-76,-120,-120,-120,-71,-87,-64,-66,-120
697.14,1138.8,-77,-64,-120,-120,-83,-65,-85,-63,-65,-85
697.499,760.253,-120,-80,-71,-71,-120,-120,-120,-89,-89,-120
697.672,1463.79,-79,-120,-120,-120,-86,-73,-71,-89,-88,-86
699.401,1174.67,-84,-76,-120,-120,-81,-63,-78,-69,-81,-81
702.851,1566.74,-120,-120,-120,-120,-120,-120,-66,-120,-120,-120
703.097,1452.92,-78,-84,-120,-120,-85,-65,-66,-83,-85,-85
703.976,1488.82,-83,-83,-120,-120,-84,-62,-69,-87,-90,-84
704.378,1600.1,-90,-120,-120,-120,-120,-85,-76,-120,-120,-120
705.1,1636.46,-85,-120,-120,-120,-120,-120,-60,-120,-120,-120
705.779,1499.04,-90,-120,-120,-120,-120,-70,-70,-89,-89,-120
706.23,1633.26,-88,-120,-120,-120,-120,-84,-70,-120,-120,-120
706.542,1634.79,-120,-120,-120,-120,-120,-120,-120,-120,-120,-120
707.652,1571.37,-89,-120,-120,-120,-120,-83,-76,-120,-120,-120
708.061,844.045,-120,-71,-78,-76,-120,-120,-120,-77,-77,-120
709.542,882.035,-120,-120,-84,-85,-120,-85,-120,-78,-74,-120
712.424,1507.78,-84,-120,-120,-120,-120,-68,-70,-89,-120,-120
722.281,726.669,-120,-120,-120,-120,-120,-120,-120,-89,-89,-120
730.88,1211.99,-70,-120,-120,-120,-84,-66,-82,-77,-75,-83
749.262,475.831,-120,-120,-120,-120,-120,-120,-120,-120,-120,-120
750.789,466.973,-120,-120,-120,-120,-120,-120,-120,-120,-120,-120
784.836,837.095,-120,-120,-120,-120,-120,-120,-120,-120,-120,-120
791.378,1225.4,-75,-77,-120,-120,-80,-73,-76,-80,-72,-83
797.56,471.615,-120,-120,-120,-120,-120,-120,-120,-120,-120,-120
800.427,463.138,-120,-120,-120,-120,-120,-120,-120,-120,-120,-120
806.387,453.24,-120,-120,-120,-120,-120,-120,-120,-120,-120,-120
812.701,838.446,-120,-120,-120,-120,-120,-120,-120,-120,-120,-120
813.137,838.446,-120,-120,-78,-78,-120,-120,-120,-82,-80,-120
828.832,473.327,-120,-120,-120,-120,-120,-120,-120,-120,-120,-120
829.246,841.599,-120,-120,-73,-73,-120,-120,-120,-87,-89,-120
856.692,847.902,-120,-83,-79,-79,-120,-120,-120,-86,-85,-120
857.384,854.284,-77,-89,-85,-87,-46,-59,-65,-86,-89,-83
861.612,1206.01,-70,-83,-120,-120,-82,-76,-83,-76,-85,-81
862.913,834.082,-120,-120,-85,-84,-120,-120,-120,-89,-89,-120
863.223,826.736,-120,-83,-81,-80,-120,-120,-120,-82,-91,-120
865.069,478.082,-120,-120,-120,-120,-120,-120,-120,-120,-120,-120
865.234,467.016,-120,-120,-120,-120,-120,-120,-120,-120,-120,-120
865.817,461.15,-120,-120,-120,-120,-120,-120,-120,-120,-120,-120
897.26,478.272,-120,-120,-120,-120,-120,-87,-120,-80,-120,-120
910.395,833.678,-120,-120,-73,-73,-120,-120,-120,-120,-89,-120
916.03,1103.82,-120,-120,-120,-120,-120,-120,-120,-120,-120,-120
944.429,836.61,-120,-72,-74,-75,-120,-120,-120,-120,-85,-120
960.711,1551.11,-120,-120,-120,-120,-120,-120,-120,-120,-120,-120
961.329,1169.83,-82,-88,-120,-120,-85,-82,-83,-83,-90,-84
962.686,104.019,-120,-120,-120,-120,-120,-120,-120,-120,-120,-120
965.031,472.365,-120,-120,-120,-120,-120,-120,-120,-120,-120,-120
965.604,1460.72,-120,-120,-120,-120,-120,-120,-120,-120,-120,-120
966.547,139.029,-120,-120,-120,-120,-120,-120,-120,-120,-120,-120
968.65,139.536,-120,-120,-120,-120,-120,-120,-120,-120,-120,-120
971.099,92.8368,-120,-120,-120,-120,-120,-120,-120,-120,-120,-120
974.909,463.258,-120,-120,-120,-120,-120,-120,-120,-120,-120,-120
978.996,852.695,-120,-120,-78,-76,-120,-120,-120,-120,-86,-120
979.27,823.834,-120,-82,-74,-74,-120,-120,-120,-87,-86,-120
983.835,277.428,-120,-120,-120,-120,-120,-120,-120,-120,-120,-120
994.718,283.935,-120,-120,-120,-120,-120,-120,-120,-120,-120,-120
1005.76,166.068,-120,-120,-120,-120,-120,-120,-120,-120,-120,-120
1006.93,148.564,-120,-120,-120,-120,-120,-120,-120,-120,-120,-120
1007.74,851.28,-120,-83,-72,-72,-120,-120,-120,-89,-120,-120
1008.28,824.117,-120,-88,-80,-81,-120,-120,-120,-120,-120,-120
1011.13,908.092,-120,-120,-120,-120,-120,-120,-120,-120,-92,-120
1014.1,955.078,-120,-120,-120,-120,-120,-120,-120,-120,-120,-120
1021.91,100.381,-120,-120,-120,-120,-120,-120,-120,-120,-120,-120
1022.74,388.045,-120,-120,-120,-120,-120,-120,-120,-120,-120,-120
1023.58,104.225,-120,-120,-120,-120,-120,-120,-120,-120,-120,-120
1024.17,628.374,-120,-120,-120,-120,-120,-120,-120,-120,-120,-120
1026.38,584.36,-120,-120,-120,-120,-120,-120,-120,-120,-120,-120
1026.39,391.239,-120,-120,-120,-120,-120,-120,-120,-120,-120,-120
1028.13,740.617,-120,-120,-120,-120,-120,-120,-120,-120,-120,-120
1028.29,289.958,-120,-120,-120,-120,-120,-120,-120,-120,-120,-120
1029.2,688.151,-120,-120,-120,-120,-120,-120,-120,-120,-120,-120
1030.7,245.316,-120,-120,-120,-120,-120,-120,-120,-120,-120,-120
1031.06,529.89,-120,-120,-120,-120,-120,-120,-120,-120,-120,-120
1031.28,296.211,-120,-120,-120,-120,-120,-120,-120,-120,-120,-120
1032.17,207.646,-120,-120,-120,-120,-120,-120,-120,-120,-120,-120
1032.71,1289.54,-90,-120,-120,-120,-120,-86,-120,-120,-120,-120
1032.73,252.674,-120,-120,-120,-120,-120,-120,-120,-120,-120,-120
1033.41,683.267,-120,-120,-120,-120,-120,-120,-120,-120,-120,-120
1033.76,529.627,-120,-120,-120,-120,-120,-120,-120,-120,-120,-120
1033.87,560.733,-120,-120,-120,-120,-120,-120,-120,-120,-120,-120
1034.14,1206.18,-82,-89,-120,-120,-87,-80,-120,-87,-89,-120
1035.16,1384.87,-90,-120,-120,-120,-120,-89,-120,-120,-120,-120
1035.44,202.066,-120,-120,-120,-120,-120,-120,-120,-120,-120,-120
1035.7,1519.9,-120,-120,-120,-120,-120,-120,-85,-120,-120,-120
1036.3,1537.36,-120,-120,-120,-120,-120,-120,-88,-120,-120,-120
1036.77,1411.48,-120,-120,-120,-120,-120,-88,-120,-120,-120,-120
1036.89,452.002,-120,-120,-120,-120,-120,-120,-120,-120,-120,-120
1037.17,330.971,-120,-120,-120,-120,-120,-120,-120,-120,-120,-120
1037.18,455.154,-120,-120,-120,-120,-120,-120,-120,-120,-120,-120
1037.72,150.572,-120,-120,-120,-120,-120,-120,-120,-120,-120,-120
1037.83,627.854,-120,-120,-120,-120,-120,-120,-120,-120,-120,-120
1038.32,1110.73,-120,-120,-120,-120,-120,-120,-120,-92,-120,-120
1038.32,1147.55,-120,-120,-120,-120,-120,-120,-120,-92,-120,-120
1038.42,733.116,-120,-120,-120,-120,-120,-120,-120,-120,-120,-120
1038.74,1263.94,-78,-120,-120,-120,-87,-84,-120,-120,-120,-120
1039.49,895.398,-120,-120,-120,-120,-120,-120,-120,-88,-92,-120
1040.6,1069.94,-120,-120,-120,-120,-120,-120,-120,-120,-120,-120
1040.89,148.746,-120,-120,-120,-120,-120,-120,-120,-120,-120,-120
1041.59,336.963,-120,-120,-120,-120,-120,-120,-120,-120,-120,-120
1043.3,929.102,-120,-120,-120,-120,-120,-120,-120,-88,-120,-120
1044.57,964.119,-120,-120,-120,-120,-120,-120,-120,-120,-120,-120
1044.77,827.064,-120,-80,-72,-72,-120,-120,-120,-87,-120,-120
1044.99,1036.34,-120,-120,-120,-120,-120,-120,-120,-120,-120,-120
1045.24,849.582,-120,-83,-75,-73,-120,-120,-120,-92,-120,-120
1072.12,827.48,-120,-120,-73,-73,-120,-120,-120,-90,-81,-120
1072.12,850.343,-120,-85,-73,-74,-120,-120,-120,-89,-81,-120
1095.06,786.119,-120,-120,-88,-86,-120,-120,-120,-120,-120,-120
1096.01,894.594,-120,-120,-89,-120,-120,-120,-120,-120,-120,-120
1099.46,858.657,-120,-80,-82,-83,-120,-120,-120,-89,-120,-120
1101.47,823.323,-120,-88,-72,-72,-120,-120,-120,-120,-120,-120
